Sequence,Classification,TEM Staining,Th-T Binding,FTIR peaks,Proteostat binding,WALTZ,TANGO,PASTA parallel,PASTA antiparallel,FTIR Image,TEM image,THT image,Reference,CF Helix,CF Strand,Hydrophobicity,Structures,UniProt AC,UniProt ID,Position,Mutant,Class,Model,Stability,Backbone Hbond,Electrostatic kon,Electrostatics,Entropy Mainchain,Entropy Sidechain,Sidechain Hbond,Solvation Hydrophobic,Solvation Polar,VdW,VdW Clashes
AATVYV,amyloid,yes,yes,,,1.9,1.1,-4.52,-2.47,,48_ApoAI_L1A_1mM_03_15000x.jpg,LATVYV_ 48.jpg,,108.0,128.7,83.3,N.A.,APOA1_HUMAN,P02647,38.0,L38A,1,AATVYV.pdb,-4.9,-51.7,1.8,4.4,73.7,19.2,-2.6,-81.6,79.9,-57.7,8.2
AQIVYK,non-amyloid,yes,yes,,,11.1,0.0,-3.07,-2.48,,47_wt2_V1A_1mM_01_5000x.jpg,VQIVYK_ 47.jpg,,108.3,124.0,66.7,N.A.,TAU_HUMAN,P10636,623.0,V623A,7,AQIVYK.pdb,-20.3,-45.0,-2.0,-4.5,66.8,36.9,-5.8,-94.0,82.6,-67.8,5.8
CQIVYK,amyloid,yes,yes,,,0.0,0.0,-3.07,-2.48,,19_wt2_V1C_1mM_04_15000x.jpg,VQIVYK_ 19.jpg,,96.3,130.0,66.7,N.A.,TAU_HUMAN,P10636,623.0,V623C,1,CQIVYK.pdb,-23.9,-52.3,3.3,5.0,68.6,38.8,-5.0,-94.0,75.5,-65.7,1.1
DATVYV,non-amyloid,yes,no,,,0.1,0.0,-4.52,-2.47,,17_ApoAI_L1D_1mM_04_5000x.jpg,,,101.2,123.8,66.7,N.A.,APOA1_HUMAN,P02647,38.0,L38D,1,DATVYV.pdb,-0.5,-50.8,3.4,7.2,74.2,22.9,-8.3,-74.3,77.5,-53.7,0.2
DQIVYK,amyloid,yes,no,,,0.4,0.0,-3.07,-2.48,,56_wt2_V1D_1mM_03_12000x copy.jpg,,,101.5,119.2,50.0,N.A.,TAU_HUMAN,P10636,623.0,V623D,1,DQIVYK.pdb,-19.4,-51.7,3.6,3.1,68.7,37.9,-17.0,-90.5,89.6,-64.7,1.1
EATVYV,non-amyloid,yes,no,,,0.0,0.0,-4.52,-2.47,,22_ApoAI_L1E_1mM_03_3000x.jpg,,,109.5,121.0,66.7,N.A.,APOA1_HUMAN,P02647,38.0,L38E,1,EATVYV.pdb,-2.7,-52.5,2.6,4.9,74.7,21.8,-2.4,-86.7,86.1,-61.3,8.3
EQIVYK,amyloid,yes,yes,,,0.3,0.0,-3.07,-2.48,,31_wt2_V1E_1mM_01_12000x.jpg,VQIVYK_ 31.jpg,,109.8,116.3,50.0,N.A.,TAU_HUMAN,P10636,623.0,V623E,1,EQIVYK.pdb,-20.9,-51.8,3.1,2.3,68.7,43.4,-13.0,-98.9,93.0,-69.7,0.9
FATVYV,amyloid,yes,yes,,,0.4,7.8,-4.91,-2.94,,32_ApoAI_L1F_1mM_03_5000x.jpg,LATVYV_ 32.jpg,,103.2,137.8,83.3,N.A.,APOA1_HUMAN,P02647,38.0,L38F,1,FATVYV.pdb,-3.0,-52.8,1.8,8.2,75.4,26.0,-4.7,-101.4,95.1,-72.1,17.3
FQIVYK,amyloid,yes,yes,,,2.1,26.2,-3.87,-2.78,,23_wt2_V1F_1mM_08_12000x.jpg,VQIVYK_ 23.jpg,,103.5,133.2,66.7,N.A.,TAU_HUMAN,P10636,623.0,V623F,1,FQIVYK.pdb,-27.3,-50.2,4.3,9.4,71.1,47.4,-15.2,-110.1,85.2,-76.5,4.0
GATVYV,amyloid,yes,no,,,0.8,0.0,-4.52,-2.47,,53_ApoAI_L1G_1mM_10_15000x.jpg,,,93.8,127.3,66.7,N.A.,APOA1_HUMAN,P02647,38.0,L38G,1,GATVYV.pdb,-7.9,-51.7,1.8,4.4,73.1,19.2,-2.6,-80.6,74.8,-56.2,8.3
GQIVYK,non-amyloid,yes,no,,,4.5,0.0,-3.07,-2.48,,43_wt2_V1G_1mM_03_6000x.jpg,,,94.2,122.7,50.0,N.A.,TAU_HUMAN,P10636,623.0,V623G,7,GQIVYK.pdb,-23.7,-44.9,-2.1,-4.5,65.6,36.7,-7.0,-87.9,77.6,-63.9,3.8
HATVYV,amyloid,yes,yes,,,0.3,0.0,-4.52,-2.47,,73_ApoAI_L1H_1mM_06_10000x.jpg,LATVYV_ 71.jpg,,101.0,129.3,66.7,N.A.,APOA1_HUMAN,P02647,38.0,L38H,1,HATVYV.pdb,-2.0,-52.5,1.8,4.6,73.8,24.4,-6.0,-88.7,94.9,-65.3,8.4
HQIVYK,non-amyloid,yes,no,,,1.9,0.0,-3.07,-2.48,,7_wt2_V1H_1mM_02_15000x.jpg,,,101.3,124.7,50.0,N.A.,TAU_HUMAN,P10636,623.0,V623H,7,HQIVYK.pdb,-19.2,-46.1,-2.1,-5.1,67.0,46.2,-10.1,-101.8,98.6,-76.0,5.6
IATVYV,amyloid,yes,yes,,,0.3,11.1,-6.0,-3.06,,12_ApoAI_L1I_1mM_05_8000x.jpg,LATVYV_ 12.jpg,,102.3,141.5,83.3,N.A.,APOA1_HUMAN,P02647,38.0,L38I,1,IATVYV.pdb,-6.6,-52.0,1.8,4.7,74.5,23.2,-2.5,-92.1,90.6,-64.5,8.3
IQIVYK,amyloid,yes,yes,,,1.6,1.1,-4.95,-2.67,,28_wt2_V1I_1mM_04_20000x.jpg,VQIVYK_ 28.jpg,,102.7,136.8,66.7,N.A.,TAU_HUMAN,P10636,623.0,V623I,1,IQIVYK.pdb,-38.9,-51.7,3.3,5.2,69.1,40.7,-3.3,-111.6,78.0,-71.4,0.9
KATVYV,amyloid,yes,no,,,0.1,0.0,-4.52,-2.47,,27_ApoAI_L1K_1mM_06_15000x.jpg,,,103.3,127.2,66.7,N.A.,APOA1_HUMAN,P02647,38.0,L38K,1,KATVYV.pdb,-6.8,-52.9,2.8,5.2,74.8,26.8,-9.3,-90.7,91.2,-64.6,8.5
KQIVYK,amyloid,yes,yes,,,0.8,0.0,-3.07,-2.48,,35_wt2_V1K_1mM_06_12000x.jpg,VQIVYK_ 35.jpg,,103.7,122.5,50.0,N.A.,TAU_HUMAN,P10636,623.0,V623K,7,KQIVYK.pdb,-23.9,-45.8,-2.5,-5.2,67.2,45.8,-10.4,-98.3,89.1,-70.5,3.6
LAAVYV,amyloid,yes,yes,,,17.0,5.8,-4.2,-2.28,,50_ApoAI_T3A_1mM_05_10000x.jpg,LATVYV_ 49.jpg,,114.3,130.5,100.0,,APOA1_HUMAN,P02647,38.0,T40A,1,LAAVYV.pdb,-5.5,-51.9,1.8,4.6,80.9,19.8,0.0,-92.6,85.7,-63.3,8.4
LADVYV,non-amyloid,yes,no,,,0.1,0.0,-3.21,-0.18,,19_ApoAI_T3D_1mM_02_2000x.jpg,,,107.5,125.7,83.3,N.A.,APOA1_HUMAN,P02647,38.0,T40D,1,LADVYV.pdb,1.8,-52.4,4.0,5.8,77.2,25.1,-4.2,-95.8,97.7,-67.1,8.9
LAEVYV,non-amyloid,yes,no,,,24.4,0.0,-2.08,-1.73,,24_ApoAI_T3E_1mM_05_4000x.jpg,,,115.8,122.8,83.3,N.A.,APOA1_HUMAN,P02647,38.0,T40E,1,LAEVYV.pdb,-10.9,-52.3,3.8,3.9,78.6,33.1,-13.4,-100.2,94.7,-69.2,8.5
LAFVYV,amyloid,yes,yes,,,458.3,81.1,-5.59,-3.66,,34_ApoAI_T3F_1mM_04_5000x.jpg,LATVYV_ 34.jpg,,109.5,139.7,100.0,N.A.,APOA1_HUMAN,P02647,38.0,T40F,1,LAFVYV.pdb,-30.6,-53.1,1.8,4.9,78.1,30.1,0.0,-116.2,90.3,-77.2,9.7
LAGVYV,amyloid,yes,yes,,,4.4,0.0,-3.36,-1.54,,55_ApoAI_T3G_1mM_06_10000x.jpg,LATVYV_ 54.jpg,,100.2,129.2,83.3,N.A.,APOA1_HUMAN,P02647,38.0,T40G,1,LAGVYV.pdb,5.5,-50.3,3.4,7.4,84.6,19.5,0.0,-77.9,70.9,-53.1,0.1
LAHVYV,amyloid,yes,yes,,,0.7,0.7,-4.62,-2.1,,75_ApoAI_T3H_1mM_08_12000x.jpg,LATVYV_ 73.jpg,,107.3,131.2,83.3,N.A.,APOA1_HUMAN,P02647,38.0,T40H,1,LAHVYV.pdb,-10.4,-52.8,1.8,4.4,78.5,29.5,-6.7,-103.2,98.3,-72.9,10.8
LAIVYV,amyloid,yes,yes,,,49.2,73.2,-6.67,-3.91,,14_ApoAI_T3I_1mM_04_15000x.jpg,LATVYV_ 14.jpg,,108.7,143.3,100.0,N.A.,APOA1_HUMAN,P02647,38.0,T40I,1,LAIVYV.pdb,-30.1,-53.1,1.8,4.6,76.7,30.2,0.0,-115.1,89.4,-74.7,8.6
LAKVYV,non-amyloid,yes,no,,,0.1,0.0,-3.36,-2.44,,29_ApoAI_T3K_1mM_03_2000x.jpg,,,109.7,129.0,83.3,N.A.,APOA1_HUMAN,P02647,38.0,T40K,1,LAKVYV.pdb,-16.6,-53.5,2.5,6.3,77.1,31.7,-6.8,-105.7,93.6,-71.6,8.4
LALVYV,amyloid,yes,yes,,,77.6,39.0,-5.46,-3.1,,9_ApoAI_T3L_1mM_04_5000x.jpg,LATVYV_ 9.jpg,,110.8,138.3,100.0,N.A.,APOA1_HUMAN,P02647,38.0,T40L,1,LALVYV.pdb,-27.4,-51.7,3.4,7.5,75.2,30.2,0.0,-104.6,78.8,-67.7,0.5
LAMVYV,amyloid,yes,yes,,,1.8,8.4,-4.88,-2.94,,70_ApoAI_T3M_1mM_02_4000x.jpg,LATVYV_ 68.jpg,,114.8,134.2,100.0,N.A.,APOA1_HUMAN,P02647,38.0,T40M,1,LAMVYV.pdb,-26.3,-51.9,3.4,7.5,78.4,33.3,0.0,-107.2,78.7,-70.1,0.2
LANVYV,amyloid,yes,yes,,,47.6,0.0,-4.68,-0.84,,80_ApoAI_T3N_1mM_04_5000x.jpg,LATVYV_ 78.jpg,,101.8,131.5,83.3,N.A.,APOA1_HUMAN,P02647,38.0,T40N,1,LANVYV.pdb,-12.8,-50.0,3.5,7.3,74.8,27.8,-11.4,-89.4,86.5,-64.4,1.6
LAPVYV,non-amyloid,yes,no,,,0.0,0.0,-0.44,-0.76,,5_ApoAI_T3P_1mM_02_5000x.jpg,,,100.2,125.8,100.0,N.A.,APOA1_HUMAN,P02647,38.0,T40P,1,LAPVYV.pdb,9.7,-39.8,2.3,6.1,86.2,21.1,0.0,-85.5,73.4,-57.6,3.2
LAQVYV,amyloid,yes,yes,,,107.6,0.0,-3.26,-1.72,,85_ApoAI_T3Q_1mM_07_8000x.jpg,LATVYV_ 83.jpg,,109.2,135.0,83.3,N.A.,APOA1_HUMAN,P02647,38.0,T40Q,1,LAQVYV.pdb,-14.9,-51.4,3.4,7.5,76.2,34.6,-10.7,-93.6,82.6,-64.8,0.1
LASVYV,amyloid,yes,yes,,,37.3,0.9,-4.03,-1.8,,65_ApoAI_T3S_1mM_10_10000x.jpg,LATVYV_ 63.jpg,,103.5,129.2,83.3,N.A.,APOA1_HUMAN,P02647,38.0,T40S,1,LASVYV.pdb,-2.3,-51.6,1.8,4.6,77.7,24.4,-4.7,-90.4,90.1,-64.3,8.4
LATAYV,non-amyloid,yes,no,,,3.1,0.0,-2.27,-0.87,,51_ApoAI_V4A_1mM_01_5000x.jpg,,,110.5,122.0,83.3,N.A.,APOA1_HUMAN,P02647,38.0,V41A,1,LATAYV.pdb,6.7,-48.7,2.9,5.8,81.5,20.9,-5.0,-81.8,87.3,-59.0,1.7
LATDYV,non-amyloid,yes,no,,,0.0,0.0,-1.29,-0.59,,20_ApoAI_V4D_1mM_02_2000x.jpg,,,103.7,117.2,66.7,N.A.,APOA1_HUMAN,P02647,38.0,V41D,6,LATDYV.pdb,12.8,-32.3,-1.1,-2.1,67.3,24.6,-14.3,-62.7,76.6,-49.4,3.5
LATEYV,non-amyloid,yes,no,,,0.6,0.0,-0.15,-1.3,,25_ApoAI_V4E_1mM_01_2500x.jpg,,,112.0,114.3,66.7,N.A.,APOA1_HUMAN,P02647,38.0,V41E,5,LATEYV.pdb,6.3,-37.8,-1.2,-2.1,67.7,23.6,-2.1,-66.3,70.4,-49.4,2.3
LATFYV,amyloid,yes,yes,,,17.3,4.4,-3.66,-2.38,,35_ApoAI_V4F_1mM_03_6000x.jpg,LATVYV_ 35.jpg,,105.7,131.2,83.3,N.A.,APOA1_HUMAN,P02647,38.0,V41F,1,LATFYV.pdb,-13.3,-50.4,2.3,6.4,74.5,26.5,-3.5,-94.3,81.8,-66.3,7.1
LATGYV,non-amyloid,yes,no,,,0.0,0.0,-1.44,-0.51,,56_ApoAI_V4G_1mM_05_3000x.jpg,,,96.3,120.7,66.7,N.A.,APOA1_HUMAN,P02647,38.0,V41G,1,LATGYV.pdb,14.1,-51.0,3.6,8.2,78.9,21.0,-2.9,-74.3,82.1,-54.6,0.2
LATHYV,non-amyloid,yes,no,,,0.5,0.0,-2.69,-1.9,,76_ApoAI_V4H_1mM_04_2000x.jpg,,,103.5,122.7,66.7,N.A.,APOA1_HUMAN,P02647,38.0,V41H,1,LATHYV.pdb,2.3,-54.4,3.9,5.7,76.0,30.4,-7.1,-80.9,86.0,-60.3,0.7
LATIYV,amyloid,yes,yes,,,61.3,3.9,-4.75,-2.27,,15_ApoAI_V4I_1mM_04_12000x.jpg,LATVYV_ 15.jpg,,104.8,134.8,83.3,N.A.,APOA1_HUMAN,P02647,38.0,V41I,1,LATIYV.pdb,-15.6,-52.1,3.4,7.4,75.0,30.6,-1.9,-101.7,86.6,-68.3,0.8
LATKYV,non-amyloid,yes,no,,,0.2,0.0,-1.44,-1.8,,30_ApoAI_V4K_1mM_03_2000x.jpg,,,105.8,120.5,66.7,N.A.,APOA1_HUMAN,P02647,38.0,V41K,7,LATKYV.pdb,-0.7,-42.0,-1.9,-4.9,73.2,31.6,-6.5,-79.3,82.2,-57.3,1.7
LATLYV,amyloid,yes,yes,,,33.8,2.0,-3.53,-1.59,,10_ApoAI_v4L_1mM_07_6000x.jpg,LATVYV_ 10.jpg,,107.0,129.8,83.3,N.A.,APOA1_HUMAN,P02647,38.0,V41L,1,LATLYV.pdb,-20.0,-53.3,1.8,4.6,77.2,30.6,-3.5,-107.3,94.5,-72.6,6.6
LATMYV,amyloid,yes,yes,,,0.1,0.0,-2.95,-1.33,,71_ApoAI_V4M_1mM_01_4000x.jpg,LATVYV_ 69.jpg,,111.0,125.7,83.3,N.A.,APOA1_HUMAN,P02647,38.0,V41M,1,LATMYV.pdb,-14.2,-49.7,2.3,6.1,76.6,30.5,-2.6,-93.3,77.6,-64.3,1.5
LATNYV,non-amyloid,yes,no,,,20.8,0.0,-2.75,-0.94,,81_ApoAI_V4N_1mM_02_2000x.jpg,,,98.0,123.0,66.7,N.A.,APOA1_HUMAN,P02647,38.0,V41N,1,LATNYV.pdb,6.5,-52.4,3.5,7.3,78.5,28.0,-15.8,-77.5,93.7,-61.3,0.5
LATPYV,non-amyloid,yes,no,,,0.0,0.0,1.49,0.26,,6_ApoAI_V4P_1mM_04_4000x.jpg,,,96.3,117.3,83.3,N.A.,APOA1_HUMAN,P02647,38.0,V41P,1,LATPYV.pdb,19.8,-39.8,2.9,5.9,90.2,23.4,-4.5,-94.3,84.2,-64.1,13.8
LATQYV,non-amyloid,yes,no,,,0.0,0.0,-1.34,-1.99,,86_ApoAI_V4Q_1mM_03_5000x.jpg,,,105.3,126.5,66.7,N.A.,APOA1_HUMAN,P02647,38.0,V41Q,7,LATQYV.pdb,-0.9,-43.0,-2.0,-5.0,74.0,32.2,-9.3,-76.5,83.0,-57.1,1.4
LATRYV,non-amyloid,yes,no,,,0.0,0.0,-1.53,-1.86,,61_ApoAI_V4R_1mM_01_2000x.jpg,,,103.2,123.7,66.7,N.A.,APOA1_HUMAN,P02647,38.0,V41R,7,LATRYV.pdb,-1.2,-42.0,-1.4,-4.7,73.8,36.7,-17.2,-79.7,88.0,-60.6,1.6
LATSYV,non-amyloid,yes,no,,,0.1,0.0,-2.11,-1.83,,66_ApoAI_V4S_1mM_01_3000x.jpg,,,99.7,120.7,66.7,N.A.,APOA1_HUMAN,P02647,38.0,V41S,5,LATSYV.pdb,8.0,-40.1,-1.1,-1.9,65.1,24.9,-4.7,-60.6,68.5,-46.7,3.0
LATTYV,non-amyloid,yes,no,,,2.3,0.0,-2.86,-3.0,,91_ApoAI_V4T_1mM_01_5000x.jpg,,,100.7,128.0,66.7,N.A.,APOA1_HUMAN,P02647,38.0,V41T,1,LATTYV.pdb,1.7,-51.8,1.8,4.4,74.1,25.5,-9.2,-84.6,94.8,-63.2,8.0
LATVAV,amyloid,yes,yes,,,0.0,1.0,-3.84,-1.3,,96_ApoAI_Y5A_1mM_07_5000x.jpg,LATVYV_ 93.jpg,,116.7,125.8,83.3,N.A.,APOA1_HUMAN,P02647,38.0,Y42A,2,LATVAV.pdb,5.1,-50.6,4.7,7.9,74.7,18.2,-1.8,-82.3,85.1,-57.2,0.4
LATVCV,amyloid,yes,yes,,,0.0,0.0,-4.42,-2.19,,97_ApoAI_Y5C_1mM_05_50000x.jpg,LATVYV_ 94.jpg,,104.7,131.8,83.3,N.A.,APOA1_HUMAN,P02647,38.0,Y42C,1,LATVCV.pdb,2.5,-51.5,1.8,4.4,74.7,19.2,-2.5,-82.0,87.0,-58.2,8.3
LATVDV,amyloid,yes,no,,,0.0,0.0,-2.86,-0.85,,98_ApoAI_Y5D_1mM_02_2500x.jpg,,,109.8,121.0,66.7,N.A.,APOA1_HUMAN,P02647,38.0,Y42D,7,LATVDV.pdb,12.4,-40.7,-2.1,-3.0,72.2,20.4,-1.8,-60.9,71.3,-44.9,0.8
LATVEV,amyloid,yes,yes,,,0.0,0.0,-2.34,-1.57,,99_ApoAI_Y5E_1mM_06_2000x.jpg,LATVYV_ 96.jpg,,118.2,118.2,66.7,N.A.,APOA1_HUMAN,P02647,38.0,Y42E,7,LATVEV.pdb,6.3,-42.1,-1.8,-3.5,71.0,21.3,-1.9,-63.1,69.6,-45.8,0.8
LATVFV,amyloid,yes,yes,,,0.1,15.4,-5.23,-2.68,,100_ApoAI_Y5F_1mM_03_10000x.jpg,LATVYV_ 97.jpg,,111.8,135.0,83.3,N.A.,APOA1_HUMAN,P02647,38.0,Y42F,1,LATVFV.pdb,-11.4,-52.4,1.8,4.6,74.7,24.0,-1.9,-97.1,91.4,-67.3,8.5
LATVGV,amyloid,yes,yes,,,0.0,0.0,-3.01,-0.71,,101_ApoAI_Y5G_1mM_04_4000x.jpg,LATVYV_ 98.jpg,,102.5,124.5,66.7,N.A.,APOA1_HUMAN,P02647,38.0,Y42G,1,LATVGV.pdb,8.2,-51.1,1.8,4.2,79.9,16.2,-1.7,-77.5,80.6,-54.0,8.5
LATVHV,amyloid,yes,yes,,,0.0,0.0,-4.26,-2.17,,102_ApoAI_Y5H_1mM_08_10000x.jpg,LATVYV_ 99.jpg,,109.7,126.5,66.7,N.A.,APOA1_HUMAN,P02647,38.0,Y42H,1,LATVHV.pdb,-1.3,-56.6,1.0,1.4,75.4,23.7,-6.6,-86.3,97.7,-62.3,8.4
LATVIV,amyloid,yes,yes,,,0.2,13.2,-6.32,-2.93,,103_ApoAI_Y5I_1mM_04_4000x.jpg,LATVYV_ 100.jpg,,111.0,138.7,83.3,N.A.,APOA1_HUMAN,P02647,38.0,Y42I,1,LATVIV.pdb,-9.6,-53.0,1.8,4.9,71.0,22.6,-1.7,-95.2,94.6,-65.2,8.4
LATVKV,amyloid,yes,no,,,0.0,0.0,-3.01,-2.07,,104_ApoAI_Y5K_1mM_04_15000x.jpg,,,112.0,124.3,66.7,N.A.,APOA1_HUMAN,P02647,38.0,Y42K,2,LATVKV.pdb,-5.1,-53.5,2.7,4.1,70.9,27.1,-3.9,-92.1,96.2,-63.8,1.4
LATVLV,amyloid,yes,yes,,,0.0,6.7,-5.1,-2.12,,105_ApoAI_Y5L_1mM_08_3000x.jpg,LATVYV_ 102.jpg,,113.2,133.7,83.3,N.A.,APOA1_HUMAN,P02647,38.0,Y42L,1,LATVLV.pdb,-9.6,-52.6,1.8,4.4,74.0,22.3,-1.7,-93.9,90.5,-64.1,8.3
LATVMV,amyloid,yes,yes,,,0.0,1.4,-4.52,-1.97,,106_ApoAI_Y5M_1mM_05_8000x.jpg,LATVYV_ 103.jpg,,117.2,129.5,83.3,N.A.,APOA1_HUMAN,P02647,38.0,Y42M,6,LATVMV.pdb,-9.3,-40.5,-0.9,-1.8,72.5,25.9,-2.9,-82.1,72.6,-57.0,3.0
LATVNV,amyloid,yes,yes,,,0.0,0.0,-4.32,-1.21,,107_ApoAI_Y5N_1mM_02_10000x.jpg,LATVYV_ 104.jpg,,104.2,126.8,66.7,N.A.,APOA1_HUMAN,P02647,38.0,Y42N,1,LATVNV.pdb,-0.8,-52.0,1.8,4.4,75.6,23.5,-11.8,-83.7,92.1,-60.4,8.2
LATVPV,amyloid,yes,yes,,,0.0,0.0,-2.34,-0.51,,108_ApoAI_Y5P_1mM_01_2500x.jpg,LATVYV_ 105.jpg,,102.5,121.2,83.3,N.A.,APOA1_HUMAN,P02647,38.0,Y42P,7,LATVPV.pdb,18.8,-24.3,-0.7,-1.5,59.0,18.1,-1.2,-61.9,66.6,-43.3,2.3
LATVQV,amyloid,yes,yes,,,0.0,0.0,-2.91,-2.25,,109_ApoAI_Y5Q_1mM_11_8000x.jpg,LATVYV_ 106.jpg,,111.5,130.3,66.7,N.A.,APOA1_HUMAN,P02647,38.0,Y42Q,1,LATVQV.pdb,-0.4,-53.8,1.8,4.5,74.9,22.9,-5.0,-85.4,90.6,-60.6,8.2
LATVRV,amyloid,yes,no,,,0.0,0.0,-3.1,-2.12,,110_ApoAI_Y5R_1mM_07_5000x.jpg,,,109.3,127.5,66.7,N.A.,APOA1_HUMAN,P02647,38.0,Y42R,2,LATVRV.pdb,-7.7,-55.8,2.1,-4.6,71.8,31.2,-6.7,-92.0,103.9,-66.6,1.9
LATVSV,amyloid,yes,yes,,,0.0,0.0,-3.68,-2.09,,111_ApoAI_Y5S_1mM_09_4000x.jpg,LATVYV_ 108.jpg,,105.8,124.5,66.7,N.A.,APOA1_HUMAN,P02647,38.0,Y42S,1,LATVSV.pdb,2.0,-56.5,3.2,5.0,71.6,19.0,-11.4,-59.1,71.5,-44.0,0.2
LATVTV,amyloid,yes,yes,,,0.0,0.7,-4.43,-3.27,,112_ApoAI_Y5T_1mM_01_4000x.jpg,LATVYV_ 109.jpg,,106.8,131.8,66.7,N.A.,APOA1_HUMAN,P02647,38.0,Y42T,1,LATVTV.pdb,-0.8,-56.0,3.2,5.2,69.4,18.9,-10.9,-62.8,76.3,-46.4,0.1
LATVVV,amyloid,yes,yes,,,0.0,13.9,-6.35,-3.18,,113_ApoAI_Y5V_1mM_06_5000x.jpg,LATVYV_ 110.jpg,,110.7,140.3,83.3,N.A.,APOA1_HUMAN,P02647,38.0,Y42V,1,LATVVV.pdb,-1.6,-52.6,1.8,4.8,70.3,18.6,-1.7,-85.2,92.6,-60.4,8.4
LATVWV,amyloid,yes,yes,,,0.0,5.0,-5.25,-2.04,,41_ApoAI_Y5W_1mM_15_4000x.jpg,LATVYV_ 41.jpg,,111.0,134.8,83.3,N.A.,APOA1_HUMAN,P02647,38.0,Y42W,1,LATVWV.pdb,-8.2,-52.0,1.8,4.6,76.0,25.6,-2.1,-102.7,97.1,-71.6,12.9
LATVYA,non-amyloid,yes,no,,,0.3,0.0,-2.78,-2.15,,52_ApoAI_V6A_1mM_05_2500x.jpg,,,110.5,122.0,83.3,N.A.,APOA1_HUMAN,P02647,38.0,V43A,1,LATVYA.pdb,-16.3,-51.9,1.8,4.0,73.3,20.8,-2.5,-83.1,75.9,-58.6,2.7
LATVYD,non-amyloid,yes,no,,,0.1,0.0,-2.78,-2.15,,21_ApoAI_V6D_1mM_04_2500x.jpg,,,103.7,117.2,66.7,N.A.,APOA1_HUMAN,P02647,38.0,V43D,6,LATVYD.pdb,-2.9,-33.2,-1.8,-2.8,63.2,24.4,-6.8,-71.6,71.6,-53.4,3.8
LATVYE,amyloid,yes,no,,,0.0,0.0,-2.78,-2.15,,26_ApoAI_V6E_1mM_08_8000x.jpg,,,112.0,114.3,66.7,N.A.,APOA1_HUMAN,P02647,38.0,V43E,7,LATVYE.pdb,-7.7,-44.2,-1.7,-4.6,67.0,25.5,-0.7,-74.1,77.6,-55.7,1.5
LATVYF,amyloid,yes,yes,,,0.5,4.4,-3.66,-2.15,,36_ApoAI_V6F_1mM_03_4000x.jpg,LATVYV_ 36.jpg,,105.7,131.2,83.3,N.A.,APOA1_HUMAN,P02647,38.0,V43F,1,LATVYF.pdb,-27.0,-51.6,3.2,2.1,70.7,26.7,-1.1,-103.4,84.6,-72.4,10.8
LATVYG,non-amyloid,yes,no,,,0.0,0.0,-2.78,-2.15,,57_ApoAI_V6G_1mM_02_2000x.jpg,,,96.3,120.7,66.7,N.A.,APOA1_HUMAN,P02647,38.0,V43G,1,LATVYG.pdb,-13.3,-51.8,1.8,4.0,72.9,20.7,-2.5,-76.9,69.1,-54.7,3.0
LATVYH,non-amyloid,yes,no,,,0.0,0.0,-2.78,-2.15,,77_ApoAI_V6H_1mM_02_2000x.jpg,,,103.5,122.7,66.7,N.A.,APOA1_HUMAN,P02647,38.0,V43H,1,LATVYH.pdb,-6.3,-50.6,2.1,5.2,70.9,27.5,-6.7,-84.6,90.5,-63.7,0.8
LATVYI,amyloid,yes,yes,,,0.1,3.9,-4.75,-2.21,,16_ApoAI_V6I_1mM_03_15000x.jpg,LATVYV_ 16.jpg,,104.8,134.8,83.3,N.A.,APOA1_HUMAN,P02647,38.0,V43I,1,LATVYI.pdb,-20.0,-49.8,3.5,7.9,73.2,30.8,-2.9,-104.2,88.6,-69.9,0.8
LATVYK,non-amyloid,yes,no,,,0.0,0.9,-2.78,-2.15,,31_ApoAI_V6K_1mM_05_2000x.jpg,,,105.8,120.5,66.7,N.A.,APOA1_HUMAN,P02647,38.0,V43K,7,LATVYK.pdb,-12.5,-44.2,-2.0,-4.5,67.2,28.2,-0.7,-79.1,77.2,-58.1,1.7
LATVYL,non-amyloid,yes,yes,,,0.2,2.0,-3.53,-2.15,,11_ApoAI_V6L_1mM_01_2500x.jpg,LATVYV_ 11.jpg,,107.0,129.8,83.3,N.A.,APOA1_HUMAN,P02647,38.0,V43L,1,LATVYL.pdb,-20.5,-50.4,2.3,5.7,71.3,27.1,-3.4,-93.1,79.8,-62.9,1.9
LATVYM,amyloid,yes,yes,,,0.4,0.0,-2.95,-2.15,,72_ApoAI_V6M_1mM_03_5000x.jpg,LATVYV_ 70.jpg,,111.0,125.7,83.3,N.A.,APOA1_HUMAN,P02647,38.0,V43M,1,LATVYM.pdb,-28.5,-50.5,2.3,5.6,71.7,29.9,-3.4,-97.5,77.9,-66.6,0.7
LATVYN,amyloid,yes,yes,,,1.0,0.0,-2.78,-2.15,,82_ApoAI_V6N_1mM_04_12000x.jpg,LATVYV_ 80.jpg,,98.0,123.0,66.7,N.A.,APOA1_HUMAN,P02647,38.0,V43N,1,LATVYN.pdb,-10.9,-52.6,1.8,4.3,74.2,27.0,-10.5,-87.3,92.7,-64.5,2.5
LATVYP,non-amyloid,yes,no,,,0.0,0.0,-2.78,-2.15,,7_ApoAI_V6P_1mM_05_4000x.jpg,,,96.3,117.3,83.3,N.A.,APOA1_HUMAN,P02647,38.0,V43P,7,LATVYP.pdb,-18.8,-39.7,-2.1,-4.8,64.2,25.4,-1.3,-80.8,76.1,-58.4,0.7
LATVYQ,non-amyloid,yes,no,,,0.1,0.0,-2.78,-2.21,,87_ApoAI_V6Q_1mM_02_4000x.jpg,,,105.3,126.5,66.7,N.A.,APOA1_HUMAN,P02647,38.0,V43Q,7,LATVYQ.pdb,-8.7,-45.0,-2.1,-4.5,67.3,27.8,-1.5,-75.2,77.8,-56.5,1.6
LATVYR,non-amyloid,yes,no,,,0.0,0.9,-2.78,-2.15,,62_ApoAI_V6R_1mM_03_3000x.jpg,,,103.2,123.7,66.7,N.A.,APOA1_HUMAN,P02647,38.0,V43R,7,LATVYR.pdb,-9.9,-44.2,-1.4,-3.7,66.8,28.3,-0.6,-78.4,78.1,-58.5,1.5
LATVYS,non-amyloid,yes,no,,,0.1,0.0,-2.78,-2.15,,67_ApoAI_V6S_1mM_02_2500x.jpg,,,99.7,120.7,66.7,N.A.,APOA1_HUMAN,P02647,38.0,V43S,1,LATVYS.pdb,-9.8,-51.9,1.8,4.0,73.4,24.4,-5.7,-81.2,81.2,-60.0,2.8
LATVYT,non-amyloid,yes,no,,,0.1,0.0,-2.86,-3.22,,92_ApoAI_V6T_1mM_05_5000x.jpg,,,100.7,128.0,66.7,N.A.,APOA1_HUMAN,P02647,38.0,V43T,1,LATVYT.pdb,-6.8,-52.2,1.8,4.3,74.2,23.9,-2.5,-88.8,90.2,-63.9,4.8
LATVYV,amyloid,yes,yes,,,0.6,4.1,-4.78,-2.47,,1_ApoAI_WT_1mM_04_15000x.jpg,LATVYV_ 2.jpg,,104.5,136.5,83.3,N.A.,APOA1_HUMAN,P02647,38.0,,1,LATVYV.pdb,-11.4,-52.6,1.8,4.5,75.0,24.8,-3.3,-96.3,92.0,-67.2,8.3
LATVYW,amyloid,yes,yes,,,0.0,3.2,-3.68,-2.15,,42_ApoAI_V6W_1mM_02_25000x.jpg,LATVYV_ 42.jpg,,104.8,131.0,83.3,N.A.,APOA1_HUMAN,P02647,38.0,V43W,6,LATVYW.pdb,-16.6,-34.0,-1.5,-2.5,65.5,29.7,-6.5,-90.0,80.9,-64.8,3.4
LATVYY,amyloid,yes,yes,,,0.3,1.2,-3.21,-2.15,,47_ApoAI_V6Y_1mM_03_12000x.jpg,LATVYV_ 47.jpg,,98.3,132.7,83.3,N.A.,APOA1_HUMAN,P02647,38.0,V43Y,1,LATVYY.pdb,-14.8,-49.9,4.0,3.3,72.1,31.1,-2.8,-89.8,79.4,-63.4,0.6
LATWYV,non-amyloid,yes,yes,,,185.4,3.2,-3.68,-2.1,,40_ApoAI_V4W_1mM_05_2000x.jpg,LATVYV_ 40.jpg,,104.8,131.0,83.3,N.A.,APOA1_HUMAN,P02647,38.0,V41W,1,LATWYV.pdb,-2.6,-50.2,4.0,6.2,77.4,29.1,-1.5,-91.9,85.4,-65.8,1.8
LATYYV,amyloid,yes,yes,,,74.0,1.2,-3.21,-2.39,,46_ApoAI_V4Y_1mM_03_10000x.jpg,LATVYV_ 46.jpg,,98.3,132.7,83.3,N.A.,APOA1_HUMAN,P02647,38.0,V41Y,1,LATYYV.pdb,-7.7,-50.6,2.3,6.5,74.3,27.3,-2.6,-94.3,88.6,-68.6,8.0
LAVVYV,amyloid,yes,yes,,,457.3,76.6,-6.7,-4.15,,95_ApoAI_T3V_1mM_02_4000x.jpg,LATVYV_ 92.jpg,,108.3,145.0,100.0,N.A.,APOA1_HUMAN,P02647,38.0,T40V,1,LAVVYV.pdb,-18.6,-49.6,3.5,7.5,72.9,24.8,0.0,-95.1,79.6,-63.6,0.7
LAWVYV,amyloid,yes,yes,,,526.3,60.7,-5.6,-3.12,,39_ApoAI_T3W_1mM_01_5000x.jpg,LATVYV_ 39.jpg,,108.7,139.5,100.0,N.A.,APOA1_HUMAN,P02647,38.0,T40W,1,LAWVYV.pdb,-20.8,-53.1,1.8,3.9,79.4,29.8,-3.8,-113.3,97.4,-77.3,13.1
LAYVYV,amyloid,yes,yes,,,79.8,25.0,-5.13,-3.44,,45_ApoAI_T3Y_1mM_01_6000x.jpg,LATVYV_ 45.jpg,,102.2,141.2,100.0,N.A.,APOA1_HUMAN,P02647,38.0,T40Y,1,LAYVYV.pdb,-26.3,-53.0,1.8,5.0,78.4,30.9,-1.3,-114.6,92.1,-77.2,10.2
LDTVYV,non-amyloid,yes,no,,,0.6,0.0,-4.52,-2.47,,18_ApoAI_A2D_1mM_04_2500x.jpg,,,97.7,131.7,66.7,N.A.,APOA1_HUMAN,P02647,38.0,A39D,1,LDTVYV.pdb,-3.7,-49.7,7.1,9.7,66.0,28.0,-2.9,-90.7,90.2,-64.4,0.8
LETVYV,non-amyloid,yes,no,,,0.2,0.0,-4.52,-2.47,,23_ApoAI_A2E_1mM_02_2000x.jpg,,,106.0,128.8,66.7,N.A.,APOA1_HUMAN,P02647,38.0,A39E,7,LETVYV.pdb,-7.0,-42.4,-0.3,-7.0,68.2,31.1,-1.8,-81.3,82.0,-58.8,1.2
LFTVYV,amyloid,yes,yes,,,6.5,60.0,-6.17,-3.75,,33_ApoAI_A2F_1mM_02_10000x.jpg,LATVYV_ 33.jpg,,99.7,145.7,83.3,N.A.,APOA1_HUMAN,P02647,38.0,A39F,1,LFTVYV.pdb,-25.3,-51.9,3.2,5.4,68.5,31.0,-3.2,-95.7,80.0,-66.2,1.4
LGTVYV,amyloid,yes,yes,,,0.0,0.0,-4.52,-2.47,,54_ApoAI_A2G_1mM_07_12000x.jpg,LATVYV_ 53.jpg,,90.3,135.2,66.7,N.A.,APOA1_HUMAN,P02647,38.0,A39G,1,LGTVYV.pdb,-1.0,-50.9,3.4,7.4,75.6,25.3,-2.7,-84.0,80.2,-58.8,0.6
LHTVYV,amyloid,yes,yes,,,0.0,0.0,-5.2,-2.47,,74_ApoAI_A2H_1mM_04_8000x.jpg,LATVYV_ 72.jpg,,97.5,137.2,66.7,N.A.,APOA1_HUMAN,P02647,38.0,A39H,1,LHTVYV.pdb,-11.8,-52.7,2.7,6.6,68.7,32.8,-6.9,-95.9,94.6,-68.2,0.7
LITVYV,amyloid,yes,yes,,,2.8,53.9,-7.25,-3.78,,13_ApoAI_A2I_1mM_05_10000x.jpg,LATVYV_ 13.jpg,,98.8,149.3,83.3,N.A.,APOA1_HUMAN,P02647,38.0,A39I,1,LITVYV.pdb,-30.4,-52.2,3.4,7.4,65.5,32.2,-1.9,-106.6,89.0,-71.2,0.3
LKTVYV,non-amyloid,yes,no,,,0.0,0.0,-4.52,-2.79,,28_ApoAI_A2K_1mM_03_2500x.jpg,,,99.8,135.0,66.7,N.A.,APOA1_HUMAN,P02647,38.0,A39K,1,LKTVYV.pdb,-21.6,-51.9,1.3,5.0,68.9,33.5,-2.1,-104.2,94.1,-70.8,0.2
LLTVYV,amyloid,yes,yes,,,1.1,28.3,-6.04,-2.97,,8_ApoAI_A2L_1mM_04_15000x.jpg,LATVYV_ 8.jpg,,101.0,144.3,83.3,N.A.,APOA1_HUMAN,P02647,38.0,A39L,1,LLTVYV.pdb,-38.6,-51.5,2.3,6.1,67.1,32.8,-3.4,-109.8,85.8,-71.8,1.3
LMTVYV,amyloid,yes,yes,,,0.1,6.0,-5.46,-2.81,,69_ApoAI_A2M_1mM_03_5000x.jpg,LATVYV_ 67.jpg,,105.0,140.2,83.3,N.A.,APOA1_HUMAN,P02647,38.0,A39M,1,LMTVYV.pdb,-29.8,-51.3,2.3,6.2,69.3,35.9,-3.5,-110.4,84.9,-73.8,5.3
LNTVYV,amyloid,yes,yes,,,0.0,0.0,-5.26,-2.47,,79_ApoAI_A2N_1mM_02_4000x.jpg,LATVYV_ 77.jpg,,92.0,137.5,66.7,N.A.,APOA1_HUMAN,P02647,38.0,A39N,1,LNTVYV.pdb,-14.9,-51.7,3.5,7.4,68.1,31.3,-7.7,-94.5,93.0,-68.2,0.7
LPTVYV,amyloid,yes,yes,,,0.0,0.0,-4.52,-2.47,,4_ApoAI_A2P_1mM_05_6000x.jpg,LATVYV_ 4.jpg,,90.3,131.8,83.3,N.A.,APOA1_HUMAN,P02647,38.0,A39P,1,LPTVYV.pdb,11.1,-42.3,3.4,7.6,82.7,27.5,-1.9,-91.6,85.1,-63.5,0.4
LQIVYK,amyloid,yes,yes,,,3.4,0.9,-3.73,-2.48,,82_wt2_V1L_1mM_02_15000x.jpg,VQIVYK_ 82.jpg,,104.8,131.8,66.7,N.A.,TAU_HUMAN,P10636,623.0,V623L,1,LQIVYK.pdb,-37.5,-52.5,3.3,5.2,69.1,41.0,-3.1,-112.6,80.0,-72.9,3.6
LQTVYV,amyloid,yes,yes,,,3.2,0.0,-4.52,-2.47,,84_ApoAI_A2Q_1mM_01_6000x.jpg,LATVYV_ 82.jpg,,99.3,141.0,66.7,N.A.,APOA1_HUMAN,P02647,38.0,A39Q,1,LQTVYV.pdb,-14.7,-51.9,3.5,7.6,71.0,37.3,-7.6,-101.8,96.6,-72.7,1.2
LRTVYV,non-amyloid,yes,yes,,,0.0,0.0,-4.52,-3.2,,59_ApoAI_A2R_1mM_06_3000x.jpg,LATVYV_ 58.jpg,,97.2,138.2,66.7,N.A.,APOA1_HUMAN,P02647,38.0,A39R,1,LRTVYV.pdb,-19.6,-51.1,1.2,4.5,69.5,34.6,-3.9,-102.4,97.1,-72.9,1.0
LSTVYV,amyloid,yes,yes,,,0.0,0.0,-4.61,-2.47,,64_ApoAI_A2S_1mM_04_4000x.jpg,LATVYV_ 62.jpg,,93.7,135.2,66.7,N.A.,APOA1_HUMAN,P02647,38.0,A39S,1,LSTVYV.pdb,-5.9,-51.4,3.4,7.4,68.8,27.1,-3.0,-86.4,85.9,-61.7,0.2
LTTVYV,amyloid,yes,yes,,,0.1,2.9,-5.36,-2.87,,89_ApoAI_A2T_1mM_09_6000x.jpg,LATVYV_ 87.jpg,,94.7,142.5,66.7,N.A.,APOA1_HUMAN,P02647,38.0,A39T,1,LTTVYV.pdb,-19.2,-50.4,3.5,7.3,68.3,29.2,-3.8,-97.0,87.6,-67.1,1.1
LVTVYV,amyloid,yes,yes,,,0.5,56.5,-7.28,-4.02,,94_ApoAI_A2V_1mM_04_5000x.jpg,LATVYV_ 91.jpg,,98.5,151.0,83.3,N.A.,APOA1_HUMAN,P02647,38.0,A39V,1,LVTVYV.pdb,-24.4,-51.6,3.4,7.4,65.1,29.3,-2.0,-100.3,88.4,-68.3,0.3
LWTVYV,amyloid,yes,yes,,,0.0,44.4,-6.18,-3.47,,38_ApoAI_A2W_1mM_07_15000x.jpg,LATVYV_ 38.jpg,,98.8,145.5,83.3,N.A.,APOA1_HUMAN,P02647,38.0,A39W,1,LWTVYV.pdb,-21.8,-50.3,3.5,8.3,71.0,33.7,-2.0,-111.8,95.6,-76.5,2.9
LYTVYV,amyloid,yes,yes,,,1.7,18.0,-5.71,-3.76,,44_ApoAI_A2Y_1mM_10_8000x.jpg,LATVYV_ 44.jpg,,92.3,147.2,83.3,N.A.,APOA1_HUMAN,P02647,38.0,A39Y,1,LYTVYV.pdb,-21.4,-50.8,3.5,8.3,70.0,34.2,-2.9,-110.9,97.0,-76.5,3.5
MATVYV,amyloid,yes,yes,,,0.3,1.2,-4.52,-2.47,,68_ApoAI_L1M_1mM_08_10000x.jpg,LATVYV_ 66.jpg,,108.5,132.3,83.3,N.A.,APOA1_HUMAN,P02647,38.0,L38M,1,MATVYV.pdb,-16.2,-52.8,1.8,4.5,74.6,27.5,-2.6,-101.5,92.2,-71.3,8.5
MQIVYK,amyloid,yes,yes,,,1.9,0.0,-3.16,-2.48,,51_wt2_V1M_1mM_01_15000x.jpg,VQIVYK_ 51.jpg,,108.8,127.7,66.7,N.A.,TAU_HUMAN,P10636,623.0,V623M,1,MQIVYK.pdb,-33.4,-51.9,3.4,5.3,68.7,43.9,-3.3,-113.9,80.8,-76.0,5.9
NATVYV,amyloid,yes,yes,,,0.8,0.0,-4.52,-2.47,,78_ApoAI_L1N_1mM_13_8000x.jpg,LATVYV_ 76.jpg,,95.5,129.7,66.7,N.A.,APOA1_HUMAN,P02647,38.0,L38N,1,NATVYV.pdb,-6.7,-49.2,3.5,7.3,73.4,26.5,-19.1,-78.3,85.6,-59.1,1.1
NQIVYK,amyloid,yes,no,,,4.6,0.0,-3.07,-2.48,,15_wt2_V1N_1mM_03_15000x.jpg,,,95.8,125.0,50.0,N.A.,TAU_HUMAN,P10636,623.0,V623N,1,NQIVYK.pdb,-25.1,-51.7,3.4,5.2,69.1,39.2,-15.5,-95.4,87.6,-69.0,0.8
PATVYV,non-amyloid,yes,no,,,0.0,0.0,-4.52,-2.47,,3_ApoAI_L1P_1mM_05_2000x.jpg,,,93.8,124.0,83.3,N.A.,APOA1_HUMAN,P02647,38.0,L38P,1,PATVYV.pdb,-1.2,-51.8,1.8,4.6,73.7,19.7,-1.7,-83.7,85.9,-59.5,8.3
PQIVYK,non-amyloid,yes,no,,,0.0,0.0,-3.07,-2.48,,87_wt2_V1P_1mM_03_10000x.jpg,,,94.2,119.3,66.7,N.A.,TAU_HUMAN,P10636,623.0,V623P,1,PQIVYK.pdb,-18.4,-52.7,3.7,5.6,69.3,38.8,-8.3,-90.2,76.5,-62.5,0.3
QATVYV,amyloid,yes,yes,,,0.3,0.0,-4.52,-2.47,,83_ApoAI_L1Q_1mM_15_12000x.jpg,LATVYV_ 81.jpg,,102.8,133.2,66.7,N.A.,APOA1_HUMAN,P02647,38.0,L38Q,1,QATVYV.pdb,-5.1,-52.1,1.8,4.4,74.1,28.0,-9.9,-87.7,89.8,-63.6,8.4
QQIVYK,amyloid,yes,yes,,,2.0,0.0,-3.07,-2.48,,52_wt2_V1Q_1mM_01_6000x.jpg,VQIVYK_ 52.jpg,,103.2,128.5,50.0,N.A.,TAU_HUMAN,P10636,623.0,V623Q,1,QQIVYK.pdb,-20.6,-50.9,3.0,5.7,67.7,43.0,-13.0,-104.5,90.8,-72.6,1.2
RATVYV,amyloid,yes,yes,,,0.0,0.0,-4.52,-2.47,,58_ApoAI_L1R_1mM_02_3000x.jpg,LATVYV_ 57.jpg,,100.7,130.3,66.7,N.A.,APOA1_HUMAN,P02647,38.0,L38R,7,RATVYV.pdb,-4.0,-43.8,-3.5,-6.2,67.1,22.7,-0.4,-66.8,75.8,-51.8,0.9
RQIVYK,non-amyloid,yes,no,,,0.2,0.0,-3.07,-2.48,,92_wt2_V1R_1mM_01_8000x.jpg,,,101.0,125.7,50.0,N.A.,TAU_HUMAN,P10636,623.0,V623R,7,RQIVYK.pdb,-20.7,-45.7,-2.2,-5.1,68.0,46.8,-11.5,-98.2,90.5,-71.2,4.9
SATVYV,amyloid,yes,yes,,,0.1,0.0,-4.52,-2.47,,63_ApoAI_L1S_1mM_06_2000x.jpg,LATVYV_ 61.jpg,,97.2,127.3,66.7,N.A.,APOA1_HUMAN,P02647,38.0,L38S,1,SATVYV.pdb,-3.5,-51.9,1.8,4.4,73.6,20.9,-3.5,-81.2,80.1,-57.7,8.3
SQIVYK,amyloid,yes,yes,,,0.7,0.0,-3.07,-2.48,,39_wt2_V1S_1mM_06_15000x.jpg,VQIVYK_ 39.jpg,,97.5,122.7,50.0,N.A.,TAU_HUMAN,P10636,623.0,V623S,7,SQIVYK.pdb,-24.1,-48.8,-2.0,-4.6,68.0,41.6,-12.6,-89.7,83.8,-66.5,4.2
TATVYV,amyloid,yes,yes,,,0.4,3.1,-4.52,-2.47,,88_ApoAI_L1T_1mM_06_5000x.jpg,LATVYV_ 86.jpg,,98.2,134.7,66.7,N.A.,APOA1_HUMAN,P02647,38.0,L38T,1,TATVYV.pdb,-2.0,-50.6,3.4,7.4,73.7,21.7,-2.9,-78.1,77.5,-55.8,0.1
TQIVYK,amyloid,yes,no,,,2.2,0.0,-3.07,-2.48,,11_wt2_V1T_1mM_01_15000x.jpg,,,98.5,130.0,50.0,N.A.,TAU_HUMAN,P10636,623.0,V623T,1,TQIVYK.pdb,-29.1,-51.8,3.3,5.3,69.0,37.0,-12.1,-96.7,82.2,-67.0,1.1
VAIVYK,amyloid,yes,yes,,,0.6,23.6,-5.91,-3.42,,48_wt2_Q2A_1mM_02_12000x.jpg,VQIVYK_ 48.jpg,,107.5,134.0,83.3,N.A.,TAU_HUMAN,P10636,623.0,Q624A,1,VAIVYK.pdb,-26.7,-50.8,3.7,5.6,73.4,29.1,-0.5,-96.1,71.7,-63.6,0.5
VATVYV,amyloid,yes,yes,,,0.6,11.7,-6.03,-3.31,,93_ApoAI_L1V_1mM_06_3000x.jpg,LATVYV_ 90.jpg,,102.0,143.2,83.3,N.A.,APOA1_HUMAN,P02647,38.0,L38V,1,VATVYV.pdb,-3.1,-51.8,1.8,4.5,74.4,21.1,-2.5,-87.0,88.3,-61.9,8.4
VCIVYK,amyloid,yes,yes,,,0.2,29.4,-6.49,-4.31,,20_wt2_Q2C_1mM_04_15000x.jpg,VQIVYK_ 20.jpg,,95.5,140.0,83.3,N.A.,TAU_HUMAN,P10636,623.0,Q624C,1,VCIVYK.pdb,-30.9,-52.5,3.4,5.3,70.3,34.7,-1.7,-102.1,78.7,-68.3,0.7
VDIVYK,amyloid,yes,no,,,0.6,0.0,-4.93,-2.25,,57_wt2_Q2D_1mM_05_25000x copy.jpg,,,100.7,129.2,66.7,N.A.,TAU_HUMAN,P10636,623.0,Q624D,1,VDIVYK.pdb,-29.2,-52.2,3.3,2.7,67.8,33.6,-1.8,-100.2,83.6,-67.6,0.7
VEIVYK,amyloid,yes,no,,,0.2,0.0,-3.79,-3.15,,32_wt2_Q2E_1mM_03_20000x.jpg,,,109.0,126.3,66.7,N.A.,TAU_HUMAN,P10636,623.0,Q624E,1,VEIVYK.pdb,-29.6,-51.7,3.8,4.6,70.6,33.7,-0.9,-103.5,81.2,-69.0,0.6
VFIVYK,amyloid,yes,yes,,,4.5,215.4,-7.3,-4.81,,24_wt2_Q2F_1mM_07_12000x.jpg,VQIVYK_ 24.jpg,,102.7,143.2,83.3,N.A.,TAU_HUMAN,P10636,623.0,Q624F,1,VFIVYK.pdb,-48.2,-52.0,3.6,5.8,70.0,37.8,-0.8,-119.8,78.0,-77.6,1.9
VGIVYK,amyloid,yes,yes,,,0.0,2.5,-5.08,-2.68,,44_wt2_Q2G_1mM_03_15000x.jpg,VQIVYK_ 44.jpg,,93.3,132.7,66.7,N.A.,TAU_HUMAN,P10636,623.0,Q624G,1,VGIVYK.pdb,-20.7,-50.5,3.3,5.1,76.1,31.1,-0.8,-96.5,73.2,-63.3,0.9
VHIVYK,amyloid,yes,yes,,,0.0,0.7,-6.33,-3.22,,8_wt2_Q2H_1mM_03_15000x.jpg,VQIVYK_ 8.jpg,,100.5,134.7,66.7,N.A.,TAU_HUMAN,P10636,623.0,Q624H,1,VHIVYK.pdb,-38.1,-58.1,3.8,5.7,70.7,38.3,-6.8,-108.3,85.7,-73.9,2.6
VIIVYK,amyloid,yes,yes,,,2.0,201.0,-8.39,-5.06,,29_wt2_Q2I_1mM_08_12000x.jpg,VQIVYK_ 29.jpg,,101.8,146.8,83.3,N.A.,TAU_HUMAN,P10636,623.0,Q624I,1,VIIVYK.pdb,-40.5,-51.4,3.7,5.6,65.3,34.3,0.0,-107.3,77.6,-70.2,0.9
VKIVYK,amyloid,yes,yes,,,0.0,0.0,-5.08,-2.86,,36_wt2_Q2K_1mM_02_5000x.jpg,VQIVYK_ 36.jpg,,102.8,132.5,66.7,N.A.,TAU_HUMAN,P10636,623.0,Q624K,1,VKIVYK.pdb,-32.6,-52.6,4.7,7.1,68.6,35.6,-1.6,-104.8,76.7,-69.0,1.0
VLIVYK,amyloid,yes,yes,,,0.9,125.9,-7.17,-4.24,,83_wt2_Q2L_1mM_03_6000x.jpg,VQIVYK_ 83.jpg,,104.0,141.8,83.3,N.A.,TAU_HUMAN,P10636,623.0,Q624L,1,VLIVYK.pdb,-45.2,-53.0,3.7,5.4,70.0,37.4,-1.7,-112.9,76.5,-72.4,0.6
VMIVYK,amyloid,yes,yes,,,0.1,33.5,-6.59,-4.09,,4_wt2_Q2M_1mM_08_15000x.jpg,VQIVYK_ 4.jpg,,108.0,137.7,83.3,N.A.,TAU_HUMAN,P10636,623.0,Q624M,1,VMIVYK.pdb,-47.1,-52.8,3.3,5.2,71.4,40.3,-1.8,-118.8,81.2,-76.8,1.0
VNIVYK,amyloid,yes,yes,,,0.0,1.1,-6.39,-1.91,,16_wt2_Q2N_1mM_05_15000x.jpg,VQIVYK_ 16.jpg,,95.0,135.0,66.7,N.A.,TAU_HUMAN,P10636,623.0,Q624N,1,VNIVYK.pdb,-33.3,-53.6,3.4,5.4,69.1,37.6,-9.8,-102.7,84.4,-70.0,0.8
VPIVYK,non-amyloid,yes,no,,,0.0,0.0,-3.07,-1.64,,88_TauWT2_Q2P_1mM_02_5000x.jpg,,,93.3,129.3,83.3,N.A.,TAU_HUMAN,P10636,623.0,Q624P,7,VPIVYK.pdb,-9.9,-34.8,-2.1,-5.0,72.7,31.2,-1.3,-95.0,76.6,-64.8,12.4
VQAVYK,non-amyloid,yes,no,,,1.0,0.0,-2.51,-1.1,,49_wt2_I3A_1mM_04_15000x.jpg,,,108.0,125.7,66.7,N.A.,TAU_HUMAN,P10636,623.0,I625A,1,VQAVYK.pdb,-30.0,-49.7,2.1,4.3,72.2,27.1,-11.6,-89.2,77.4,-63.4,0.7
VQCVYK,amyloid,yes,yes,,,2.0,0.0,-3.08,-3.31,,21_wt2_I3C_1mM_04_15000x.jpg,VQIVYK_ 21.jpg,,96.0,131.7,66.7,N.A.,TAU_HUMAN,P10636,623.0,I625C,1,VQCVYK.pdb,-15.8,-52.1,2.2,4.4,72.9,34.6,-9.5,-92.1,80.7,-67.9,12.1
VQDVYK,non-amyloid,yes,no,,,0.0,0.0,-1.52,-1.08,,58_wt2_I3D_1mM_07_6000x.jpg,,,101.2,120.8,50.0,N.A.,TAU_HUMAN,P10636,623.0,I625D,1,VQDVYK.pdb,-2.8,-50.0,3.5,2.5,70.4,38.5,-16.0,-79.3,84.6,-58.5,0.2
VQEVYK,non-amyloid,yes,no,,,1.4,0.0,-0.39,-2.13,,33_wt2_I3E_1mM_05_3000x.jpg,,,109.5,118.0,50.0,N.A.,TAU_HUMAN,P10636,623.0,I625E,1,VQEVYK.pdb,-11.8,-51.6,2.7,1.6,74.3,41.7,-17.8,-85.9,83.3,-62.0,0.4
VQFVYK,amyloid,yes,yes,,,105.4,1.3,-3.9,-2.63,,25_wt2_I3F_1mM_02_12000x.jpg,VQIVYK_ 25.jpg,,103.2,134.8,66.7,N.A.,TAU_HUMAN,P10636,623.0,I625F,1,VQFVYK.pdb,-33.1,-50.9,3.7,6.4,71.8,36.1,-4.4,-105.0,79.6,-72.0,0.3
VQGVYK,non-amyloid,yes,no,,,0.3,0.0,-1.67,-0.8,,45_wt2_I3G_1mM_01_5000x.jpg,,,93.8,124.3,50.0,N.A.,TAU_HUMAN,P10636,623.0,I625G,1,VQGVYK.pdb,-10.1,-50.1,2.2,4.6,75.2,27.0,-10.2,-76.9,70.4,-55.6,2.3
VQHVYK,non-amyloid,yes,yes,,,0.0,0.0,-2.93,-2.42,,9_wt2_I3H_1mM_03_8000x.jpg,VQIVYK_ 9.jpg,,101.0,126.3,50.0,N.A.,TAU_HUMAN,P10636,623.0,I625H,1,VQHVYK.pdb,-9.2,-58.5,2.6,4.3,77.9,39.7,-11.1,-107.1,110.6,-79.1,9.0
VQIAYK,non-amyloid,yes,yes,,,18.6,0.0,-2.48,-0.94,,50_TauWT2_V4A_1mM_06_8000x.jpg,VQIVYK_ 50.jpg,,108.3,124.0,66.7,N.A.,TAU_HUMAN,P10636,623.0,V626A,1,VQIAYK.pdb,-18.3,-50.7,3.6,5.4,76.7,30.3,-3.2,-91.1,71.7,-61.5,0.3
VQICYK,amyloid,yes,yes,,,0.1,0.0,-3.05,-2.86,,22_wt2_V4C_1mM_03_6000x.jpg,VQIVYK_ 22.jpg,,96.3,130.0,66.7,N.A.,TAU_HUMAN,P10636,623.0,V626C,1,VQICYK.pdb,-19.7,-52.7,3.6,5.3,74.9,36.6,-5.0,-93.4,73.8,-64.4,0.5
VQIDYK,amyloid,yes,no,,,0.0,0.0,-1.49,-1.52,,59_wt2_V4D_1mM_05_12000x.jpg,,,101.5,119.2,50.0,N.A.,TAU_HUMAN,P10636,623.0,V626D,1,VQIDYK.pdb,-15.3,-50.6,4.5,3.3,71.5,43.2,-17.8,-95.1,91.1,-66.8,0.7
VQIEYK,non-amyloid,yes,no,,,3.9,0.0,-1.16,-1.48,,34_wt2_V4E_1mM_07_15000x.jpg,,,109.8,116.3,50.0,N.A.,TAU_HUMAN,P10636,623.0,V626E,1,VQIEYK.pdb,-15.3,-50.4,4.5,3.4,73.5,41.3,-9.2,-97.2,84.0,-66.4,0.6
VQIFYK,amyloid,yes,yes,,,92.4,1.2,-3.87,-2.7,,26_TauWT2_V4F_1mM_03_10000x.jpg,VQIVYK_ 26.jpg,,103.5,133.2,66.7,N.A.,TAU_HUMAN,P10636,623.0,V626F,1,VQIFYK.pdb,-39.6,-51.2,3.5,6.2,72.8,41.7,-6.1,-112.0,78.9,-74.6,0.8
VQIGYK,non-amyloid,yes,no,,,0.0,0.0,-1.64,-1.04,,46_wt2_V4G_1mM_01_5000x.jpg,,,94.2,122.7,50.0,N.A.,TAU_HUMAN,P10636,623.0,V626G,1,VQIGYK.pdb,-8.6,-49.6,3.5,5.3,79.2,27.9,-2.2,-84.5,65.9,-56.7,0.6
VQIHYK,non-amyloid,yes,no,,,3.1,0.0,-2.89,-2.1,,10_wt2_V4H_1mM_01_2500x.jpg,,,101.3,124.7,50.0,N.A.,TAU_HUMAN,P10636,623.0,V626H,1,VQIHYK.pdb,-25.7,-55.7,3.4,5.6,73.1,45.7,-19.4,-102.3,93.4,-72.9,1.5
VQIIYK,amyloid,yes,yes,,,245.9,1.1,-4.95,-2.41,,30_wt2_V4I_1mM_04_15000x.jpg,VQIVYK_ 30.jpg,,102.7,136.8,66.7,N.A.,TAU_HUMAN,P10636,623.0,V626I,1,VQIIYK.pdb,-41.1,-52.6,3.6,5.4,70.2,47.2,-9.2,-112.5,78.5,-73.3,0.7
VQIKYK,amyloid,yes,yes,,,1.2,0.0,-1.64,-2.35,,38_wt2_V4K_1mM_01_12000x.jpg,VQIVYK_ 38.jpg,,103.7,122.5,50.0,N.A.,TAU_HUMAN,P10636,623.0,V626K,1,VQIKYK.pdb,-19.4,-52.0,4.2,6.5,73.3,38.3,-3.7,-99.8,78.9,-67.3,0.4
VQILYK,amyloid,yes,yes,,,160.0,0.0,-3.73,-1.72,,85_wt2_V4L_1mM_02_10000x.jpg,VQIVYK_ 85.jpg,,104.8,131.8,66.7,N.A.,TAU_HUMAN,P10636,623.0,V626L,1,VQILYK.pdb,-36.4,-52.6,3.6,5.4,72.6,44.6,-6.5,-112.7,78.8,-73.3,0.8
VQIMYK,amyloid,yes,yes,,,0.5,0.0,-3.16,-1.85,,6_wt2_V4M_1mM_04_15000x.jpg,VQIVYK_ 6.jpg,,108.8,127.7,66.7,N.A.,TAU_HUMAN,P10636,623.0,V626M,1,VQIMYK.pdb,-36.6,-52.0,3.7,5.6,75.0,46.2,-5.7,-114.0,78.9,-75.8,0.6
VQINYK,amyloid,yes,yes,,,107.4,0.0,-2.95,-1.97,,18_wt2_V4N_1mM_05_15000x.jpg,VQIVYK_ 18.jpg,,95.8,125.0,50.0,N.A.,TAU_HUMAN,P10636,623.0,V626N,1,VQINYK.pdb,-20.4,-51.5,3.2,5.1,73.3,41.4,-18.5,-94.4,86.7,-67.5,0.9
VQIPYK,non-amyloid,yes,no,,,0.0,0.0,1.29,0.21,,90_wt2_V4P_1mM_01_3000x.jpg,,,94.2,119.3,66.7,N.A.,TAU_HUMAN,P10636,623.0,V626P,1,VQIPYK.pdb,0.4,-41.8,3.6,5.4,85.9,37.5,-6.0,-102.8,73.1,-67.4,11.6
VQIQYK,amyloid,yes,yes,,,0.1,0.0,-1.54,-2.32,,54_wt2_V4Q_1mM_05_15000x.jpg,VQIVYK_ 54.jpg,,103.2,128.5,50.0,N.A.,TAU_HUMAN,P10636,623.0,V626Q,1,VQIQYK.pdb,-20.4,-54.0,3.1,5.1,74.3,44.9,-12.8,-98.5,83.8,-68.1,0.7
VQIRYK,amyloid,yes,yes,,,0.0,0.0,-1.73,-2.64,,95_wt2_V4R_1mM_02_15000x.jpg,VQIVYK_ 95.jpg,,101.0,125.7,50.0,N.A.,TAU_HUMAN,P10636,623.0,V626R,1,VQIRYK.pdb,-16.8,-55.0,4.9,7.7,74.1,37.9,-6.1,-96.2,79.3,-66.3,0.6
VQISYK,amyloid,yes,yes,,,0.8,0.0,-2.31,-2.46,,42_wt2_V4S_1mM_04_15000x.jpg,VQIVYK_ 42.jpg,,97.5,122.7,50.0,N.A.,TAU_HUMAN,P10636,623.0,V626S,1,VQISYK.pdb,-17.1,-49.9,3.3,5.2,72.7,38.2,-14.9,-88.8,78.0,-62.4,0.6
VQITYK,amyloid,yes,yes,,,13.8,0.0,-3.06,-3.35,,14_wt2_V4T_1mM_05_15000x.jpg,VQIVYK_ 14.jpg,,98.5,130.0,50.0,N.A.,TAU_HUMAN,P10636,623.0,V626T,1,VQITYK.pdb,-25.3,-51.6,3.3,5.2,68.8,39.9,-12.2,-96.8,83.6,-67.0,0.7
VQIVAK,amyloid,yes,yes,,,0.0,0.0,-4.55,-1.91,,98_Tau2_Y5A_1mM_06_3000x.jpg,VQIVYK_ 98.jpg,,114.5,127.8,66.7,N.A.,TAU_HUMAN,P10636,623.0,Y627A,1,VQIVAK.pdb,-14.3,-50.0,3.8,5.2,72.9,34.6,-9.3,-86.1,71.9,-58.0,0.0
VQIVCK,amyloid,yes,yes,,,0.0,0.0,-4.62,-2.59,,99_Tau2_Y5C_1mM_09_3000x.jpg,VQIVYK_ 99.jpg,,102.5,133.8,66.7,N.A.,TAU_HUMAN,P10636,623.0,Y627C,1,VQIVCK.pdb,-18.5,-50.6,3.7,5.1,68.4,31.4,-3.7,-86.1,71.3,-58.5,0.1
VQIVDK,amyloid,yes,yes,,,0.0,0.0,-4.55,-1.91,,100_Tau2_Y5D_1mM_06_6000x.jpg,VQIVYK_ 100.jpg,,107.7,123.0,50.0,N.A.,TAU_HUMAN,P10636,623.0,Y627D,7,VQIVDK.pdb,-12.7,-46.6,-3.4,-3.3,63.7,33.8,-8.4,-78.8,88.7,-59.1,0.3
VQIVEK,amyloid,yes,yes,,,0.0,0.0,-4.55,-1.91,,101_Tau2_Y5E_1mM_04_8000x.jpg,VQIVYK_ 101.jpg,,116.0,120.2,50.0,N.A.,TAU_HUMAN,P10636,623.0,Y627E,1,VQIVEK.pdb,-15.8,-51.3,4.8,7.0,68.2,32.1,-3.9,-89.3,74.3,-59.5,0.8
VQIVFK,amyloid,yes,yes,,,0.7,3.4,-5.44,-3.08,,102_Tau2_Y5F_1mM_07_5000x.jpg,VQIVYK_ 102.jpg,,109.7,137.0,66.7,N.A.,TAU_HUMAN,P10636,623.0,Y627F,1,VQIVFK.pdb,-38.0,-52.9,3.3,5.2,69.7,37.5,-5.0,-106.0,76.8,-69.1,1.2
VQIVGK,amyloid,yes,yes,,,0.0,0.0,-4.55,-1.91,,103_Tau2_Y5G_1mM_03_15000x.jpg,VQIVYK_ 103.jpg,,100.3,126.5,50.0,N.A.,TAU_HUMAN,P10636,623.0,Y627G,1,VQIVGK.pdb,-11.1,-49.9,3.9,5.4,73.8,34.3,-8.9,-82.3,67.3,-55.2,0.2
VQIVHK,amyloid,yes,yes,,,0.0,0.0,-4.55,-1.91,,104_Tau2_Y5H_1mM_06_6000x.jpg,VQIVYK_ 104.jpg,,107.5,128.5,50.0,N.A.,TAU_HUMAN,P10636,623.0,Y627H,1,VQIVHK.pdb,-21.5,-52.4,3.4,4.9,69.6,35.3,-5.4,-95.7,81.5,-65.0,0.8
VQIVIK,amyloid,yes,yes,,,1.5,3.1,-6.52,-3.33,,105_Tau2_Y5I_1mM_04_2500x.jpg,VQIVYK_ 105.jpg,,108.8,140.7,66.7,N.A.,TAU_HUMAN,P10636,623.0,Y627I,1,VQIVIK.pdb,-37.3,-56.1,2.1,6.2,68.1,37.8,-3.1,-111.1,84.4,-71.6,1.8
VQIVKK,amyloid,yes,yes,,,0.0,0.0,-4.55,-1.91,,106_Tau2_Y5K_1mM_01_10000x.jpg,VQIVYK_ 106.jpg,,109.8,126.3,50.0,N.A.,TAU_HUMAN,P10636,623.0,Y627K,1,VQIVKK.pdb,-23.1,-51.3,3.8,4.6,67.6,37.2,-6.2,-94.1,77.2,-63.3,0.1
VQIVMK,amyloid,yes,yes,,,0.0,0.0,-4.73,-2.36,,107_Tau2_Y5M_1mM_08_12000x.jpg,VQIVYK_ 107.jpg,,115.0,131.5,66.7,N.A.,TAU_HUMAN,P10636,623.0,Y627M,1,VQIVMK.pdb,-35.6,-53.2,3.4,4.9,70.0,37.4,-3.2,-104.8,76.6,-68.3,0.8
VQIVNK,amyloid,yes,yes,,,0.0,0.0,-4.55,-1.91,,108_Tau2_Y5N_1mM_03_12000x.jpg,VQIVYK_ 108.jpg,,102.0,128.8,50.0,N.A.,TAU_HUMAN,P10636,623.0,Y627N,1,VQIVNK.pdb,-24.4,-51.9,3.3,4.8,66.8,35.4,-13.1,-87.8,76.5,-59.8,0.7
VQIVPK,amyloid,yes,no,,,0.0,0.0,-4.55,-1.91,,114_Tau2_Y5P_1mM_06_2000x.jpg,,,100.3,123.2,66.7,N.A.,TAU_HUMAN,P10636,623.0,Y627P,1,VQIVPK.pdb,-7.6,-40.9,3.6,5.1,71.2,37.3,-9.4,-95.1,70.8,-62.2,10.5
VQIVQK,amyloid,yes,yes,,,0.0,0.0,-4.55,-1.91,,109_Tau2_Y5Q_1mM_01_6000x.jpg,VQIVYK_ 109.jpg,,109.3,132.3,50.0,N.A.,TAU_HUMAN,P10636,623.0,Y627Q,1,VQIVQK.pdb,-19.2,-50.2,3.4,4.9,67.9,33.4,-4.4,-89.7,74.5,-60.1,0.7
VQIVRK,amyloid,yes,yes,,,0.0,0.0,-4.55,-2.03,,110_Tau2_Y5R_1mM_09_10000x.jpg,VQIVYK_ 110.jpg,,107.2,129.5,50.0,N.A.,TAU_HUMAN,P10636,623.0,Y627R,1,VQIVRK.pdb,-18.1,-53.0,4.8,5.8,70.3,33.1,-4.4,-90.7,74.7,-60.9,0.9
VQIVSK,amyloid,yes,yes,,,0.0,0.0,-4.55,-1.93,,111_Tau2_Y5S_1mM_03_15000x.jpg,VQIVYK_ 111.jpg,,103.7,126.5,50.0,N.A.,TAU_HUMAN,P10636,623.0,Y627S,7,VQIVSK.pdb,-15.7,-49.6,-2.1,-4.4,67.7,37.5,-14.3,-76.1,81.9,-58.3,0.2
VQIVTK,amyloid,yes,yes,,,0.0,0.0,-4.63,-2.67,,112_Tau2_Y5T_1mM_05_8000x.jpg,VQIVYK_ 112.jpg,,104.7,133.8,50.0,N.A.,TAU_HUMAN,P10636,623.0,Y627T,1,VQIVTK.pdb,-18.6,-59.4,1.4,3.8,66.8,30.4,-9.8,-95.7,100.8,-67.8,8.6
VQIVVK,amyloid,yes,yes,,,0.0,3.2,-6.55,-3.58,,113_Tau2_Y5V_1mM_06_4000x.jpg,VQIVYK_ 113.jpg,,108.5,142.3,66.7,N.A.,TAU_HUMAN,P10636,623.0,Y627V,1,VQIVVK.pdb,-32.1,-56.5,2.1,6.0,66.9,33.2,-4.3,-100.6,83.0,-66.6,2.0
VQIVWK,amyloid,yes,yes,,,0.0,1.2,-5.45,-2.66,,80_wt2_Y5W_1mM_05_8000x.jpg,VQIVYK_ 80.jpg,,108.8,136.8,66.7,N.A.,TAU_HUMAN,P10636,623.0,Y627W,1,VQIVWK.pdb,-29.3,-52.2,3.2,5.0,71.0,37.5,-4.4,-105.3,83.4,-69.9,1.4
VQIVYA,amyloid,yes,yes,,,126.7,0.8,-4.98,-2.87,,71_wt2_K6A_1mM_07_20000x.jpg,VQIVYK_ 71.jpg,,107.0,140.0,83.3,N.A.,TAU_HUMAN,P10636,623.0,K628A,1,VQIVYA.pdb,-25.7,-51.1,4.0,5.7,68.8,33.2,-5.3,-92.4,71.9,-62.5,0.4
VQIVYC,amyloid,yes,yes,,,32.3,0.0,-5.05,-3.49,,69_TauWT2_K6C_1mM_03_8000x.jpg,VQIVYK_ 69.jpg,,95.0,146.0,83.3,N.A.,TAU_HUMAN,P10636,623.0,K628C,1,VQIVYC.pdb,-29.5,-50.9,3.8,5.7,69.3,32.7,-2.3,-96.3,76.5,-65.7,0.5
VQIVYD,amyloid,yes,yes,,,33.5,0.0,-4.98,-2.87,,60_wt2_K6D_1mM_05_15000x.jpg,VQIVYK_ 60.jpg,,100.2,135.2,66.7,N.A.,TAU_HUMAN,P10636,623.0,K628D,6,VQIVYD.pdb,-17.0,-34.1,-1.7,-5.0,60.9,34.6,-9.1,-86.7,78.2,-61.6,5.4
VQIVYE,amyloid,yes,yes,,,19.3,0.0,-4.98,-2.87,,65_wt2_K6E_1mM_06_12000x.jpg,VQIVYK_ 65.jpg,,108.5,132.3,66.7,N.A.,TAU_HUMAN,P10636,623.0,K628E,7,VQIVYE.pdb,-19.5,-45.1,-1.6,-4.8,66.3,39.7,-8.7,-93.7,88.6,-68.3,6.0
VQIVYF,amyloid,yes,yes,,,193.6,11.6,-5.87,-3.98,,74_wt2_K6F_1mM_09_15000x.jpg,VQIVYK_ 74.jpg,,102.2,149.2,83.3,N.A.,TAU_HUMAN,P10636,623.0,K628F,1,VQIVYF.pdb,-44.0,-51.0,4.0,3.0,69.5,41.5,-6.7,-110.2,78.5,-73.1,0.4
VQIVYG,amyloid,yes,yes,,,14.5,0.0,-4.98,-2.87,,70_wt2_K6G_1mM_04_12000x.jpg,VQIVYK_ 70.jpg,,92.8,138.7,66.7,N.A.,TAU_HUMAN,P10636,623.0,K628G,1,VQIVYG.pdb,-24.9,-50.8,3.8,5.7,67.9,28.4,-1.8,-87.2,67.7,-59.2,0.2
VQIVYH,amyloid,yes,yes,,,0.9,0.0,-4.98,-2.87,,64_wt2_K6H_1mM_04_15000x.jpg,VQIVYK_ 64.jpg,,100.0,140.7,66.7,N.A.,TAU_HUMAN,P10636,623.0,K628H,1,VQIVYH.pdb,-32.7,-56.5,2.7,3.6,70.2,43.4,-13.6,-102.7,87.2,-71.0,1.5
VQIVYI,amyloid,yes,yes,,,38.8,10.4,-6.95,-4.23,,72_TauWT2_K6I_1mM_04_6000x.jpg,VQIVYK_ 72.jpg,,101.3,152.8,83.3,N.A.,TAU_HUMAN,P10636,623.0,K628I,1,VQIVYI.pdb,-33.4,-51.4,4.0,5.8,69.2,38.2,-5.5,-107.3,81.4,-70.6,0.6
VQIVYL,amyloid,yes,yes,,,91.8,5.2,-5.74,-3.42,,86_wt2_K6L_1mM_04_15000x.jpg,VQIVYK_ 86.jpg,,103.5,147.8,83.3,N.A.,TAU_HUMAN,P10636,623.0,K628L,1,VQIVYL.pdb,-37.9,-51.1,4.0,5.8,69.4,40.1,-6.9,-109.7,80.5,-71.9,1.3
VQIVYM,amyloid,yes,yes,,,172.5,1.1,-5.16,-3.26,,73_TauWT2_K6M_1mM_06_3000x.jpg,VQIVYK_ 73.jpg,,107.5,143.7,83.3,N.A.,TAU_HUMAN,P10636,623.0,K628M,1,VQIVYM.pdb,-41.9,-51.1,4.0,5.8,69.3,41.0,-5.9,-111.9,78.5,-73.5,0.6
VQIVYN,amyloid,yes,yes,,,305.6,0.0,-4.98,-2.87,,68_wt2_K6N_1mM_01_15000x.jpg,VQIVYK_ 68.jpg,,94.5,141.0,66.7,N.A.,TAU_HUMAN,P10636,623.0,K628N,1,VQIVYN.pdb,-25.0,-54.2,4.0,5.8,68.4,39.6,-11.5,-94.2,80.7,-65.6,0.8
VQIVYP,amyloid,yes,yes,,,1.5,0.0,-4.98,-2.87,,91_TauWT2_K6P_1mM_16_4000x.jpg,VQIVYK_ 91.jpg,,92.8,135.3,83.3,N.A.,TAU_HUMAN,P10636,623.0,K628P,7,VQIVYP.pdb,-28.1,-39.9,-2.1,-5.0,63.4,38.4,-8.0,-99.1,86.1,-70.3,5.7
VQIVYQ,amyloid,yes,yes,,,45.7,0.0,-4.98,-2.87,,55_wt2_K6Q_1mM_01_12000x copy 3.jpg,VQIVYK_ 55.jpg,,101.8,144.5,66.7,N.A.,TAU_HUMAN,P10636,623.0,K628Q,1,VQIVYQ.pdb,-29.2,-54.7,3.8,5.8,69.8,37.9,-7.1,-100.2,82.1,-68.2,0.6
VQIVYR,amyloid,yes,yes,,,1.8,1.2,-4.98,-2.87,,96_wt2_K6R_1mM_02_10000x.jpg,VQIVYK_ 96.jpg,,99.7,141.7,66.7,N.A.,TAU_HUMAN,P10636,623.0,K628R,1,VQIVYR.pdb,-30.4,-52.9,3.1,1.9,69.6,37.1,-3.7,-101.8,83.5,-69.6,0.7
VQIVYS,amyloid,yes,yes,,,73.4,0.0,-4.98,-2.87,,66_wt2_K6S_1mM_06_5000x.jpg,VQIVYK_ 66.jpg,,96.2,138.7,66.7,N.A.,TAU_HUMAN,P10636,623.0,K628S,1,VQIVYS.pdb,-24.9,-56.0,4.0,5.8,69.8,38.1,-12.4,-90.1,77.2,-63.1,0.4
VQIVYT,amyloid,yes,yes,,,51.4,0.0,-5.06,-3.23,,67_wt2_K6T_1mM_05_15000x.jpg,VQIVYK_ 67.jpg,,97.2,146.0,66.7,N.A.,TAU_HUMAN,P10636,623.0,K628T,1,VQIVYT.pdb,-29.1,-55.8,4.0,5.8,69.5,40.1,-13.2,-96.2,80.6,-66.2,0.6
VQIVYV,amyloid,yes,yes,,,220.4,10.9,-6.99,-4.47,,63_wt2_K6V_1mM_05_15000x.jpg,VQIVYK_ 63.jpg,,101.0,154.5,83.3,N.A.,TAU_HUMAN,P10636,623.0,K628V,1,VQIVYV.pdb,-23.9,-51.0,4.0,5.9,68.8,33.9,-5.3,-96.1,79.1,-65.2,0.6
VQIVYW,amyloid,yes,yes,,,14.0,8.4,-5.88,-3.21,,81_wt2_K6W_1mM_02_5000x.jpg,VQIVYK_ 81.jpg,,101.3,149.0,83.3,N.A.,TAU_HUMAN,P10636,623.0,K628W,1,VQIVYW.pdb,-34.0,-51.0,4.0,5.7,69.3,43.1,-8.1,-107.1,81.0,-72.5,0.6
VQIVYY,amyloid,yes,yes,,,147.3,3.3,-5.42,-3.77,,75_wt2_K6Y_1mM_05_15000x.jpg,VQIVYK_ 75.jpg,,94.8,150.7,83.3,N.A.,TAU_HUMAN,P10636,623.0,K628Y,1,VQIVYY.pdb,-41.4,-51.0,4.0,3.0,69.5,39.5,-4.3,-109.1,78.9,-72.8,0.6
VQIWYK,amyloid,yes,yes,,,439.3,0.9,-3.88,-3.34,,79_wt2_V4W_1mM_02_15000x.jpg,VQIVYK_ 79.jpg,,102.7,133.0,66.7,N.A.,TAU_HUMAN,P10636,623.0,V626W,1,VQIWYK.pdb,-37.7,-51.3,3.2,5.2,74.6,42.3,-4.4,-117.5,87.1,-79.6,2.3
VQIYYK,amyloid,yes,yes,,,277.2,0.0,-3.41,-2.72,,3_wt2_V4Y_1mM_05_20000x.jpg,VQIVYK_ 3.jpg,,96.2,134.7,66.7,N.A.,TAU_HUMAN,P10636,623.0,V626Y,1,VQIYYK.pdb,-36.6,-52.0,3.1,5.9,73.4,44.3,-10.8,-112.8,88.4,-77.3,0.7
VQKVYK,non-amyloid,yes,no,,,0.0,0.0,-1.67,-1.91,,37_wt2_I3K_1mM_02_4000x.jpg,,,103.3,124.2,50.0,N.A.,TAU_HUMAN,P10636,623.0,I625K,7,VQKVYK.pdb,-12.6,-45.1,-1.4,-2.9,69.2,45.7,-16.3,-90.9,92.1,-67.9,2.5
VQLVYK,amyloid,yes,yes,,,5.4,0.0,-3.77,-2.08,,84_wt2_I3L_1mM_06_12000x.jpg,VQIVYK_ 84.jpg,,104.5,133.5,66.7,N.A.,TAU_HUMAN,P10636,623.0,I625L,1,VQLVYK.pdb,-33.0,-52.0,3.1,6.0,74.2,35.8,-1.8,-112.3,85.1,-73.5,0.7
VQMVYK,amyloid,yes,yes,,,0.1,0.0,-3.19,-2.08,,5_wt2_I3M_1mM_10_15000x.jpg,VQIVYK_ 5.jpg,,108.5,129.3,66.7,N.A.,TAU_HUMAN,P10636,623.0,I625M,1,VQMVYK.pdb,-29.5,-51.7,3.4,5.3,73.6,39.4,-2.6,-105.5,78.9,-71.7,0.9
VQNVYK,amyloid,yes,yes,,,2.9,0.0,-2.99,-1.53,,17_wt2_I3N_1mM_05_12000x.jpg,VQIVYK_ 17.jpg,,95.5,126.7,50.0,N.A.,TAU_HUMAN,P10636,623.0,I625N,1,VQNVYK.pdb,-11.2,-52.8,3.7,5.6,72.7,35.4,-14.2,-83.0,82.6,-62.0,0.4
VQPVYK,non-amyloid,yes,no,,,0.0,0.0,1.25,0.05,,89_TauWT2_I3P_1mM_07_3000x.jpg,,,93.8,121.0,66.7,N.A.,TAU_HUMAN,P10636,623.0,I625P,1,VQPVYK.pdb,-12.7,-44.5,2.1,4.4,84.2,31.9,-11.0,-102.4,81.0,-71.9,13.0
VQQVYK,amyloid,yes,no,,,7.4,0.0,-1.57,-1.88,,53_wt2_I3Q_1mM_05_12000x.jpg,,,102.8,130.2,50.0,N.A.,TAU_HUMAN,P10636,623.0,I625Q,1,VQQVYK.pdb,-11.9,-51.9,3.7,5.5,72.7,47.5,-20.5,-88.2,82.4,-64.7,0.2
VQRVYK,non-amyloid,yes,no,,,0.0,0.0,-1.76,-2.21,,94_wt2_I3R_1mM_02_5000x.jpg,,,100.7,127.3,50.0,N.A.,TAU_HUMAN,P10636,623.0,I625R,1,VQRVYK.pdb,-3.4,-53.7,6.2,10.4,72.0,50.8,-23.6,-94.3,99.5,-73.8,1.7
VQSVYK,non-amyloid,yes,yes,,,2.3,0.0,-2.34,-2.02,,41_wt2_I3S_1mM_01_2500x.jpg,VQIVYK_ 41.jpg,,97.2,124.3,50.0,N.A.,TAU_HUMAN,P10636,623.0,I625S,1,VQSVYK.pdb,-20.7,-49.9,2.2,4.4,68.9,31.7,-17.0,-83.1,85.0,-64.4,1.5
VQTVYK,amyloid,yes,yes,,,0.0,0.0,-3.09,-2.92,,13_wt2_I3T_1mM_02_15000x.jpg,VQIVYK_ 13.jpg,,98.2,131.7,50.0,N.A.,TAU_HUMAN,P10636,623.0,I625T,1,VQTVYK.pdb,-17.7,-52.1,2.3,4.5,67.6,30.4,-14.9,-94.0,89.5,-69.6,12.1
VQVVYK,amyloid,yes,yes,,,103.8,1.2,-5.01,-2.94,,62_wt2_I3V_1mM_04_15000x.jpg,VQIVYK_ 62.jpg,,102.0,140.2,66.7,N.A.,TAU_HUMAN,P10636,623.0,I625V,1,VQVVYK.pdb,-21.8,-52.3,3.7,5.5,68.6,37.7,-8.9,-90.6,75.7,-62.9,0.5
VQWVYK,non-amyloid,yes,no,,,187.0,0.9,-3.91,-2.9,,78_wt2_I3W_1mM_03_6000x.jpg,,,102.3,134.7,66.7,N.A.,TAU_HUMAN,P10636,623.0,I625W,1,VQWVYK.pdb,-23.8,-52.1,3.7,5.9,74.4,41.9,-9.1,-107.0,92.5,-75.9,0.4
VQYVYK,non-amyloid,yes,no,,,5.4,0.0,-3.44,-2.6,,2_wt2_I3Y_1mM_05_20000x.jpg,,,95.8,136.3,66.7,N.A.,TAU_HUMAN,P10636,623.0,I625Y,1,VQYVYK.pdb,-19.2,-51.7,3.6,6.1,72.1,37.7,-7.2,-99.9,84.9,-70.8,4.8
VRIVYK,amyloid,yes,yes,,,0.0,0.0,-5.17,-3.26,,93_TauWT2_Q2R_1mM_03_5000x.jpg,VQIVYK_ 93.jpg,,100.2,135.7,66.7,N.A.,TAU_HUMAN,P10636,623.0,Q624R,1,VRIVYK.pdb,-27.8,-53.5,5.9,9.1,69.7,36.6,-2.4,-107.6,84.4,-72.3,0.8
VSIVYK,amyloid,yes,yes,,,0.0,3.5,-5.75,-2.81,,40_wt2_Q2S_1mM_01_6000x.jpg,VQIVYK_ 40.jpg,,96.7,132.7,66.7,N.A.,TAU_HUMAN,P10636,623.0,Q624S,1,VSIVYK.pdb,-25.7,-51.0,3.4,5.4,68.5,31.8,-0.9,-97.2,78.8,-65.8,0.6
VTIVYK,amyloid,yes,yes,,,0.1,17.0,-6.5,-3.61,,12_wt2_Q2T_1mM_07_15000x.jpg,VQIVYK_ 12.jpg,,97.7,140.0,66.7,N.A.,TAU_HUMAN,P10636,623.0,Q624T,1,VTIVYK.pdb,-31.6,-51.7,3.3,5.3,65.9,32.7,-0.8,-101.8,82.0,-68.3,0.6
VVIVYK,amyloid,yes,yes,,,0.3,207.2,-8.42,-5.3,,61_wt2_Q2V_1mM_05_15000x.jpg,VQIVYK_ 61.jpg,,101.5,148.5,83.3,N.A.,TAU_HUMAN,P10636,623.0,Q624V,1,VVIVYK.pdb,-34.6,-51.7,3.3,5.4,65.5,33.5,-0.9,-104.2,82.0,-69.2,1.0
VWIVYK,amyloid,yes,yes,,,0.0,173.2,-7.32,-3.87,,77_wt2_Q2W_1mM_08_15000x.jpg,VQIVYK_ 77.jpg,,101.8,143.0,83.3,N.A.,TAU_HUMAN,P10636,623.0,Q624W,1,VWIVYK.pdb,-38.2,-52.9,3.7,5.5,71.3,38.3,-1.8,-114.4,80.8,-75.6,3.0
VYIVYK,amyloid,yes,yes,,,1.5,103.7,-6.85,-4.59,,1_wt2_Q2Y_1mM_03_20000x.jpg,VQIVYK_ 1.jpg,,95.3,144.7,83.3,N.A.,TAU_HUMAN,P10636,623.0,Q624Y,1,VYIVYK.pdb,-44.4,-52.0,3.7,5.9,68.6,37.5,-0.9,-116.7,79.2,-76.7,3.1
WATVYV,amyloid,yes,yes,,,0.5,5.7,-4.92,-2.65,,37_ApoAI_L1W_1mM_04_3000x.jpg,LATVYV_ 37.jpg,,102.3,137.7,83.3,N.A.,APOA1_HUMAN,P02647,38.0,L38W,1,WATVYV.pdb,-7.2,-51.8,1.8,4.7,74.1,25.6,-4.1,-92.5,90.7,-65.8,8.6
WQIVYK,amyloid,yes,yes,,,3.0,19.1,-3.88,-2.68,,76_wt2_V1W_1mM_03_15000x.jpg,VQIVYK_ 76.jpg,,102.7,133.0,66.7,N.A.,TAU_HUMAN,P10636,623.0,V623W,1,WQIVYK.pdb,-23.3,-52.8,3.9,6.3,70.9,46.2,-6.2,-112.0,92.8,-78.3,4.1
YATVYV,amyloid,yes,yes,,,0.7,1.5,-4.52,-2.95,,43_ApoAI_L1Y_1mM_01_2500x.jpg,LATVYV_ 43.jpg,,95.8,139.3,83.3,N.A.,APOA1_HUMAN,P02647,38.0,L38Y,1,YATVYV.pdb,-1.2,-53.0,1.8,8.1,75.2,26.7,-5.0,-99.3,98.2,-72.1,16.0
YQIVYK,amyloid,yes,yes,,,3.9,6.5,-3.41,-2.79,,27_wt2_V1Y_1mM_05_6000x.jpg,VQIVYK_ 27.jpg,,96.2,134.7,66.7,N.A.,TAU_HUMAN,P10636,623.0,V623Y,2,YQIVYK.pdb,-21.1,-50.8,2.6,8.5,67.9,44.3,-7.3,-109.5,96.8,-79.1,1.4
